{"embedTypes":["iframe"],"language":"en","defaultLanguage":"fr","license":"U","extraTitle":"ILF-denotation-2","title":"ILF-denotation-2","mainLibrary":"H5P.QuestionSet","preloadedDependencies":[{"machineName":"H5P.MultiChoice","majorVersion":1,"minorVersion":16},{"machineName":"FontAwesome","majorVersion":4,"minorVersion":5},{"machineName":"H5P.JoubelUI","majorVersion":1,"minorVersion":3},{"machineName":"H5P.Transition","majorVersion":1,"minorVersion":0},{"machineName":"H5P.FontIcons","majorVersion":1,"minorVersion":0},{"machineName":"H5P.Question","majorVersion":1,"minorVersion":5},{"machineName":"H5P.Video","majorVersion":1,"minorVersion":6},{"machineName":"H5P.QuestionSet","majorVersion":1,"minorVersion":20}]}