{"media":{"type":{"params":{"decorative":false,"contentName":"Image","expandImage":"Expand Image","minimizeImage":"Minimize Image"},"library":"H5P.Image 1.1","subContentId":"9b0ddc65-4acd-4e15-ac81-ae14b3bf6069","metadata":{"contentType":"Image","license":"U","title":"Untitled Image","authors":[],"changes":[],"defaultLanguage":"fr"}},"disableImageZooming":false},"content":{"task":"<p>Pour chaque contraste ci-dessous, déterminez quelle partie de la grammaire est concernée.</p>\n","blanksList":[{"correctAnswerText":"la syntaxe"},{"correctAnswerText":"la phonologie"},{"correctAnswerText":"la pragmatique"},{"correctAnswerText":"la morphologie"},{"correctAnswerText":"la sémantique"}],"blanksText":"<p></p>\n\n<ol>\n\t<li><em>Jean voit le chien</em>  vs.  <em>Le chien voit Jean __________</em></li>\n\t<li><em>peu </em>vs.  peur (prononciation de la séquence <em>eu</em>)<em>  __________</em></li>\n\t<li><em>Tais-toi !</em>  vs.  <em>Est-ce que vous pourriez parler plus doucement, s'il vous plaît ?  __________</em></li>\n\t<li><em>arrive </em>vs <em>arrivons __________</em></li>\n\t<li><em>Marie aime le chocolat</em>  vs.  <em>Marie adore le chocolat __________</em></li>\n</ol>\n"},"overallFeedback":[{"from":0,"to":99,"feedback":"Essayez encore !"},{"from":100,"to":100,"feedback":"Formidable !"}],"behaviour":{"mode":"selection","selectAlternatives":"all","selectAlternativeRestriction":0,"spellingErrorBehaviour":"mistake","caseSensitive":false,"autoCheck":true,"enableSolutionsButton":true,"showSolutionsRequiresInput":true,"enableRetry":true,"enableCheckButton":true,"confirmCheckDialog":false,"confirmRetryDialog":false},"showSolutions":"Voir la correction","tryAgain":"Recommencer","checkAnswer":"Vérifier","notFilledOut":"Vous devez avoir rempli tous les blancs avant de voir la correction","tipLabel":"Indice","spellingMistakeWarning":"Vérifiez votre orthographe: @mistake","scoreBarLabel":"Vous avez obtenu :num points sur un total de :points","confirmCheck":{"header":"Terminé ?","body":"Vous êtes sûr de vouloir finir ?","cancelLabel":"Annuler","confirmLabel":"Terminer"},"confirmRetry":{"header":"Réessayer ?","body":"Vous êtes sûr de vouloir réessayer ?","cancelLabel":"Annuler","confirmLabel":"Confirmer"}}