{"choices":[{"subContentId":"0bae98db-bf54-47f5-b1eb-9c9bec9a46e9","question":"<p>Pour chacun des contrastes, déterminez quelle partie de la grammaire est concernée.</p>\n\n<p>1. <em>Jean voit le chien</em>  vs.  <em>Le chien voit Jean</em></p>\n","answers":["<p>la syntaxe</p>\n","<p>la phonologie</p>\n","<p>la morphologie</p>\n","<p>la pragmatique</p>\n"]},{"subContentId":"2c16042a-f023-4c97-b51c-56db96f1f13c","question":"<p>Pour chacun des contrastes, déterminez quelle partie de la grammaire est concernée.</p>\n\n<p><em>2. peu </em>vs. <em>peur </em>(prononciation de la séquence <em>eu</em>)</p>\n","answers":["<p>la phonologie</p>\n","<p>la morphologie</p>\n","<p>la syntaxe</p>\n","<p>la sémantique</p>\n"]},{"subContentId":"793754e3-58e7-4238-bfd8-bff2677d7fca","question":"<p>Pour chacun des contrastes, déterminez quelle partie de la grammaire est concernée.</p>\n\n<p>3. <em>Tais-toi !</em>  vs.  <em>Est-ce que vous pourriez parler plus doucement, s'il vous plaît ?</em></p>\n","answers":["<p>la pragmatique</p>\n","<p>la morphologie</p>\n","<p>la syntaxe</p>\n","<p>la sémantique</p>\n"]},{"subContentId":"ec5a510b-09ac-4f38-993d-0f769b03a3c5","question":"<p>Pour chacun des contrastes, déterminez quelle partie de la grammaire est concernée.</p>\n\n<p>4. <em>arrive </em>vs <em>arrivons</em></p>\n","answers":["<p>la morphologie</p>\n","<p>la phonologie</p>\n","<p>la syntaxe</p>\n","<p>la pragmatique</p>\n"]},{"subContentId":"14846316-a5b6-4899-aaf1-47c357951542","question":"<p>Pour chacun des contrastes, déterminez quelle partie de la grammaire est concernée.</p>\n\n<p>5. <em>Marie aime le chocolat</em>  vs.  <em>Marie adore le chocolat</em></p>\n","answers":["<p>la sémantique</p>\n","<p>la morphologie</p>\n","<p>la syntaxe</p>\n","<p>la phonologie</p>\n"]}],"overallFeedback":[{"from":0,"to":99,"feedback":"Essayez encore !"},{"from":100,"to":100,"feedback":"Très bien !"}],"behaviour":{"autoContinue":true,"timeoutCorrect":2000,"timeoutWrong":3000,"soundEffectsEnabled":false,"enableRetry":true,"enableSolutionsButton":true,"passPercentage":100},"l10n":{"nextButtonLabel":"Question suivante","showSolutionButtonLabel":"Voir la solution","retryButtonLabel":"Correction","solutionViewTitle":"Recommencer","correctText":"Correct !","incorrectText":"Incorrect !","shouldSelect":"Should have been selected","shouldNotSelect":"Should not have been selected","muteButtonLabel":"Couper les retours sons","closeButtonLabel":"Fermer","slideOfTotal":"Diapositive :num sur :total","scoreBarLabel":"Vous avez :num points sur un total de :total","solutionListQuestionNumber":"Question :num","a11yShowSolution":"Show the solution. The task will be marked with its correct solution.","a11yRetry":"Retry the task. Reset all responses and start the task over again."}}