{"media":{"disableImageZooming":false},"taskDescription":"<p>Dans chaque phrase ci-dessous, faites correspondre le constituent entre {accolades} à sa description :</p>\n","overallFeedback":[{"from":0,"to":99,"feedback":"Essayez encore..."},{"from":100,"to":100,"feedback":"Parfait !"}],"checkAnswer":"Vérifier","submitAnswer":"Vérifier","tryAgain":"Recommencer","showSolution":"Voir la correction","dropZoneIndex":"Zone de dépôt @index.","empty":"La zone de dépôt @index est vide.","contains":"La zone de dépôt @index contient un élément déplaçable @draggable.","ariaDraggableIndex":"@index sur @count éléments déplaçables.","tipLabel":"Montrer l&#039;indice","correctText":"Correct !","incorrectText":"Incorrect !","resetDropTitle":"Reparamétrer le déplacement","resetDropDescription":"Etes-vous certain de vouloir reparamétrer cet élément déplaçable ?","grabbed":"L&#039;élément déplaçable est saisi.","cancelledDragging":"Annuler le déplacement.","correctAnswer":"Réponse correcte :","feedbackHeader":"Commentaire de retour","behaviour":{"enableRetry":true,"enableSolutionsButton":true,"enableCheckButton":true,"instantFeedback":true},"scoreBarLabel":"Vous avez obtenu :num sur un total de :points","a11yCheck":"Check the answers. The responses will be marked as correct, incorrect, or unanswered.","a11yShowSolution":"Afficher la solution. La tâche sera notée avec sa solution correcte.","a11yRetry":"Réessayer la tâche. Réinitialiser toutes les réponses et recommencer la tâche.","textField":"Je préfère {rester chez moi}. *infinitif*\nJe rends visite {à mon grand-père}. *syntagme prépositionnel*\nJe voudrais {deux croissants}. *syntagme nominal*\nJ&#039;écoute mais {je ne danse pas}. *phrase coordonnée*\nJe crois {qu&#039;il y en a assez}. *phrase complétive*\nJ&#039;attends ici {pendant qu&#039;il pleut}. *phrase circonstancielle*\nJe prends mon sac {qui contient mes livres}. *phrase relative*"}