{"embedTypes":["iframe"],"language":"en","defaultLanguage":"fr","license":"U","extraTitle":"ILF-intro-2-adv","title":"ILF-intro-2-adv","mainLibrary":"H5P.AdvancedBlanks","preloadedDependencies":[{"machineName":"H5P.Image","majorVersion":1,"minorVersion":1},{"machineName":"FontAwesome","majorVersion":4,"minorVersion":5},{"machineName":"H5P.Question","majorVersion":1,"minorVersion":4},{"machineName":"H5P.JoubelUI","majorVersion":1,"minorVersion":3},{"machineName":"H5P.Transition","majorVersion":1,"minorVersion":0},{"machineName":"H5P.FontIcons","majorVersion":1,"minorVersion":0},{"machineName":"H5P.AdvancedBlanks","majorVersion":1,"minorVersion":1}]}