{"embedTypes":["iframe"],"language":"en","defaultLanguage":"fr","license":"U","extraTitle":"ILF-constructions-2","title":"ILF-constructions-2","mainLibrary":"H5P.DragText","preloadedDependencies":[{"machineName":"FontAwesome","majorVersion":4,"minorVersion":5},{"machineName":"jQuery.ui","majorVersion":1,"minorVersion":10},{"machineName":"H5P.JoubelUI","majorVersion":1,"minorVersion":3},{"machineName":"H5P.Transition","majorVersion":1,"minorVersion":0},{"machineName":"H5P.FontIcons","majorVersion":1,"minorVersion":0},{"machineName":"H5P.Question","majorVersion":1,"minorVersion":5},{"machineName":"H5P.DragText","majorVersion":1,"minorVersion":10}]}