{"introPage":{"showIntroPage":false,"startButtonText":"Start Quiz","introduction":""},"progressType":"dots","passPercentage":100,"questions":[{"params":{"media":{"disableImageZooming":false},"answers":[{"correct":false,"tipsAndFeedback":{"tip":"","chosenFeedback":"","notChosenFeedback":""},"text":"<div>la dénotation</div>\n"},{"correct":true,"tipsAndFeedback":{"tip":"","chosenFeedback":"","notChosenFeedback":""},"text":"<div>le sens</div>\n"}],"overallFeedback":[{"from":0,"to":100}],"behaviour":{"enableRetry":true,"enableSolutionsButton":true,"enableCheckButton":true,"type":"auto","singlePoint":false,"randomAnswers":false,"showSolutionsRequiresInput":true,"confirmCheckDialog":false,"confirmRetryDialog":false,"autoCheck":true,"passPercentage":100,"showScorePoints":true},"UI":{"checkAnswerButton":"Check","submitAnswerButton":"Submit","showSolutionButton":"Show solution","tryAgainButton":"Retry","tipsLabel":"Show tip","scoreBarLabel":"You got :num out of :total points","tipAvailable":"Tip available","feedbackAvailable":"Feedback available","readFeedback":"Read feedback","wrongAnswer":"Wrong answer","correctAnswer":"Correct answer","shouldCheck":"Should have been checked","shouldNotCheck":"Should not have been checked","noInput":"Please answer before viewing the solution","a11yCheck":"Check the answers. The responses will be marked as correct, incorrect, or unanswered.","a11yShowSolution":"Show the solution. The task will be marked with its correct solution.","a11yRetry":"Retry the task. Reset all responses and start the task over again."},"confirmCheck":{"header":"Finish ?","body":"Are you sure you wish to finish ?","cancelLabel":"Cancel","confirmLabel":"Finish"},"confirmRetry":{"header":"Retry ?","body":"Are you sure you wish to retry ?","cancelLabel":"Cancel","confirmLabel":"Confirm"},"question":"<p>Est-ce que la définition suivante décrit la <em>dénotation</em> ou le <em>sens </em>du mot ?</p>\n\n<p style=\"text-align:center\"><em>train</em> = 'convoi de véhicules de chemin de fer, transportant des passagers ou de la cargaison'</p>\n"},"library":"H5P.MultiChoice 1.16","metadata":{"contentType":"Multiple Choice","license":"U","title":"ILF-denotation-2-train","authors":[],"changes":[],"extraTitle":"ILF-denotation-2-train"},"subContentId":"badc546a-0619-44b4-9a28-fd7506593698"},{"params":{"media":{"disableImageZooming":false},"answers":[{"correct":true,"tipsAndFeedback":{"tip":"","chosenFeedback":"","notChosenFeedback":""},"text":"<div>la dénotation</div>\n"},{"correct":false,"tipsAndFeedback":{"tip":"","chosenFeedback":"","notChosenFeedback":""},"text":"<div>le sens</div>\n"}],"overallFeedback":[{"from":0,"to":100}],"behaviour":{"enableRetry":true,"enableSolutionsButton":true,"enableCheckButton":true,"type":"auto","singlePoint":false,"randomAnswers":false,"showSolutionsRequiresInput":true,"confirmCheckDialog":false,"confirmRetryDialog":false,"autoCheck":true,"passPercentage":100,"showScorePoints":true},"UI":{"checkAnswerButton":"Check","submitAnswerButton":"Submit","showSolutionButton":"Show solution","tryAgainButton":"Retry","tipsLabel":"Show tip","scoreBarLabel":"You got :num out of :total points","tipAvailable":"Tip available","feedbackAvailable":"Feedback available","readFeedback":"Read feedback","wrongAnswer":"Wrong answer","correctAnswer":"Correct answer","shouldCheck":"Should have been checked","shouldNotCheck":"Should not have been checked","noInput":"Please answer before viewing the solution","a11yCheck":"Check the answers. The responses will be marked as correct, incorrect, or unanswered.","a11yShowSolution":"Show the solution. The task will be marked with its correct solution.","a11yRetry":"Retry the task. Reset all responses and start the task over again."},"confirmCheck":{"header":"Finish ?","body":"Are you sure you wish to finish ?","cancelLabel":"Cancel","confirmLabel":"Finish"},"confirmRetry":{"header":"Retry ?","body":"Are you sure you wish to retry ?","cancelLabel":"Cancel","confirmLabel":"Confirm"},"question":"<p>Est-ce que la définition suivante décrit la <em>dénotation</em> ou le <em>sens </em>du mot ?</p>\n\n<p style=\"text-align:center\"><em>rapide</em> = 'l'ensemble des choses ou des actions qui sont rapides'</p>\n"},"library":"H5P.MultiChoice 1.16","metadata":{"contentType":"Multiple Choice","license":"U","title":"ILF-denotation-2-rapide","authors":[],"changes":[],"extraTitle":"ILF-denotation-2-rapide"},"subContentId":"449cceef-fa3b-4bfc-af38-e06a908cdb2b"},{"params":{"media":{"disableImageZooming":false},"answers":[{"correct":false,"tipsAndFeedback":{"tip":"","chosenFeedback":"","notChosenFeedback":""},"text":"<div>la dénotation</div>\n"},{"correct":true,"tipsAndFeedback":{"tip":"","chosenFeedback":"","notChosenFeedback":""},"text":"<div>le sens</div>\n"}],"overallFeedback":[{"from":0,"to":100}],"behaviour":{"enableRetry":true,"enableSolutionsButton":true,"enableCheckButton":true,"type":"auto","singlePoint":false,"randomAnswers":false,"showSolutionsRequiresInput":true,"confirmCheckDialog":false,"confirmRetryDialog":false,"autoCheck":true,"passPercentage":100,"showScorePoints":true},"UI":{"checkAnswerButton":"Check","submitAnswerButton":"Submit","showSolutionButton":"Show solution","tryAgainButton":"Retry","tipsLabel":"Show tip","scoreBarLabel":"You got :num out of :total points","tipAvailable":"Tip available","feedbackAvailable":"Feedback available","readFeedback":"Read feedback","wrongAnswer":"Wrong answer","correctAnswer":"Correct answer","shouldCheck":"Should have been checked","shouldNotCheck":"Should not have been checked","noInput":"Please answer before viewing the solution","a11yCheck":"Check the answers. The responses will be marked as correct, incorrect, or unanswered.","a11yShowSolution":"Show the solution. The task will be marked with its correct solution.","a11yRetry":"Retry the task. Reset all responses and start the task over again."},"confirmCheck":{"header":"Finish ?","body":"Are you sure you wish to finish ?","cancelLabel":"Cancel","confirmLabel":"Finish"},"confirmRetry":{"header":"Retry ?","body":"Are you sure you wish to retry ?","cancelLabel":"Cancel","confirmLabel":"Confirm"},"question":"<p>Est-ce que la définition suivante décrit la <em>dénotation</em> ou le sens du mot ?</p>\n\n<p style=\"text-align:center\"><em>gamin</em> = 'un enfant, désigné de manière familière'</p>\n"},"library":"H5P.MultiChoice 1.16","metadata":{"contentType":"Multiple Choice","license":"U","title":"ILF-denotation-2-gamin","authors":[],"changes":[],"extraTitle":"ILF-denotation-2-gamin"},"subContentId":"3acdfe2c-7230-4baa-a597-74152aebaea5"},{"params":{"media":{"disableImageZooming":false},"answers":[{"correct":true,"tipsAndFeedback":{"tip":"","chosenFeedback":"","notChosenFeedback":""},"text":"<div>la dénotation</div>\n"},{"correct":false,"tipsAndFeedback":{"tip":"","chosenFeedback":"","notChosenFeedback":""},"text":"<div>le sens</div>\n"}],"overallFeedback":[{"from":0,"to":100}],"behaviour":{"enableRetry":true,"enableSolutionsButton":true,"enableCheckButton":true,"type":"auto","singlePoint":false,"randomAnswers":false,"showSolutionsRequiresInput":true,"confirmCheckDialog":false,"confirmRetryDialog":false,"autoCheck":true,"passPercentage":100,"showScorePoints":true},"UI":{"checkAnswerButton":"Check","submitAnswerButton":"Submit","showSolutionButton":"Show solution","tryAgainButton":"Retry","tipsLabel":"Show tip","scoreBarLabel":"You got :num out of :total points","tipAvailable":"Tip available","feedbackAvailable":"Feedback available","readFeedback":"Read feedback","wrongAnswer":"Wrong answer","correctAnswer":"Correct answer","shouldCheck":"Should have been checked","shouldNotCheck":"Should not have been checked","noInput":"Please answer before viewing the solution","a11yCheck":"Check the answers. The responses will be marked as correct, incorrect, or unanswered.","a11yShowSolution":"Show the solution. The task will be marked with its correct solution.","a11yRetry":"Retry the task. Reset all responses and start the task over again."},"confirmCheck":{"header":"Finish ?","body":"Are you sure you wish to finish ?","cancelLabel":"Cancel","confirmLabel":"Finish"},"confirmRetry":{"header":"Retry ?","body":"Are you sure you wish to retry ?","cancelLabel":"Cancel","confirmLabel":"Confirm"},"question":"<p>Est-ce que la définition suivante décrit la <em>dénotation</em> ou le sens du mot ?</p>\n\n<p style=\"text-align:center\"><em>Édith</em> <em>Piaf</em> = 'l'individu désigné par ce nom'</p>\n"},"library":"H5P.MultiChoice 1.16","metadata":{"contentType":"Multiple Choice","license":"U","title":"ILF-denotation-2-Piaf","authors":[],"changes":[],"extraTitle":"ILF-denotation-2-Piaf"},"subContentId":"04ba9b46-a0b1-4d1c-82d7-b25d63db1eb6"},{"params":{"media":{"disableImageZooming":false},"answers":[{"correct":false,"tipsAndFeedback":{"tip":"","chosenFeedback":"","notChosenFeedback":""},"text":"<div>la dénotation</div>\n"},{"correct":true,"tipsAndFeedback":{"tip":"","chosenFeedback":"","notChosenFeedback":""},"text":"<div>le sens</div>\n"}],"overallFeedback":[{"from":0,"to":100}],"behaviour":{"enableRetry":true,"enableSolutionsButton":true,"enableCheckButton":true,"type":"auto","singlePoint":false,"randomAnswers":false,"showSolutionsRequiresInput":true,"confirmCheckDialog":false,"confirmRetryDialog":false,"autoCheck":true,"passPercentage":100,"showScorePoints":true},"UI":{"checkAnswerButton":"Check","submitAnswerButton":"Submit","showSolutionButton":"Show solution","tryAgainButton":"Retry","tipsLabel":"Show tip","scoreBarLabel":"You got :num out of :total points","tipAvailable":"Tip available","feedbackAvailable":"Feedback available","readFeedback":"Read feedback","wrongAnswer":"Wrong answer","correctAnswer":"Correct answer","shouldCheck":"Should have been checked","shouldNotCheck":"Should not have been checked","noInput":"Please answer before viewing the solution","a11yCheck":"Check the answers. The responses will be marked as correct, incorrect, or unanswered.","a11yShowSolution":"Show the solution. The task will be marked with its correct solution.","a11yRetry":"Retry the task. Reset all responses and start the task over again."},"confirmCheck":{"header":"Finish ?","body":"Are you sure you wish to finish ?","cancelLabel":"Cancel","confirmLabel":"Finish"},"confirmRetry":{"header":"Retry ?","body":"Are you sure you wish to retry ?","cancelLabel":"Cancel","confirmLabel":"Confirm"},"question":"<p>Est-ce que la définition suivante décrit la <em>dénotation</em> ou le sens du mot ?</p>\n\n<p style=\"text-align:center\"><em>Napoléon Bonaparte</em> = 'général et empereur corse qui a conquis une grande partie de l'Europe, connu pour sa petite taille et son génie stratégique sur le champ de bataille'</p>\n"},"library":"H5P.MultiChoice 1.16","metadata":{"contentType":"Multiple Choice","license":"U","title":"ILF-denotation-2-Bonaparte","authors":[],"changes":[],"extraTitle":"ILF-denotation-2-Bonaparte"},"subContentId":"87442fc7-b9f4-48e0-8eb4-6ef2ad77d1b6"}],"disableBackwardsNavigation":false,"randomQuestions":false,"endGame":{"showResultPage":true,"showSolutionButton":true,"showRetryButton":true,"noResultMessage":"Finished","message":"Your result:","scoreBarLabel":"You got @finals out of @totals points","overallFeedback":[{"from":0,"to":100}],"solutionButtonText":"Show solution","retryButtonText":"Retry","finishButtonText":"Finish","submitButtonText":"Submit","showAnimations":false,"skippable":false,"skipButtonText":"Skip video"},"override":{"checkButton":true},"texts":{"prevButton":"Retour","nextButton":"Suivant","finishButton":"Terminer","submitButton":"Vérifier","textualProgress":"Question @current sur @total","jumpToQuestion":"Question %d sur %total","questionLabel":"Question","readSpeakerProgress":"Question @current sur @total","unansweredText":"Pas de réponse donnée","answeredText":"Réponse donnée","currentQuestionText":"Question en cours","navigationLabel":"Questions"}}